,artist,track,acousticness,energy,popularity,favorite,prediction
290,Zé Neto & Cristiano,Status Que Eu Não Queria - Ao Vivo,0.59,0.871,74,0,1
3223,BAUM,This Body,0.126,0.5770000000000001,30,0,1
5177,Eddie Berman,You Can Call Me Al,0.8440000000000001,0.316,39,0,1
6050,Cryptic Wisdom,Last Stand,0.472,0.605,43,0,1
6247,Kim Sung Kyu,True Love,0.121,0.584,39,0,1
7803,SMLE,2 Me (feat. Kiddo Ai & Nick Smith),0.591,0.484,46,0,1
7902,Jack & Jack,Beg - Prince Fox Remix,0.306,0.497,33,0,1
10014,$tupid Young,Murder Scene (feat. Lil Durk),0.465,0.563,30,0,1
10852,Magnifico ,Vulnerable,0.332,0.581,26,0,1
11391,Rels B,Buenos Genes,0.486,0.535,74,0,1
11497,B00TY,Modern Romance,0.372,0.487,32,0,1
11637,Rostam,Bike Dream - Recorded at Spotify Studios NYC,0.7759999999999999,0.308,40,0,1
13452,SWIZZY,Yours,0.285,0.526,35,0,1
13868,Capo Plaza,Tesla (feat. Sfera Ebbasta & DrefGold),0.316,0.626,71,0,1
15549,JBJ,As If In A Dream,0.583,0.639,30,0,1
16029,Cazzu,C14TORCE,0.355,0.6559999999999999,53,0,1
16298,Mora,Que Habilidad,0.3279999999999999,0.452,57,0,1
16910,Son Lux,Slowly,0.4029999999999999,0.315,40,0,1
17449,Joe Hicks,Rest Your Head,0.1889999999999999,0.613,24,0,1
17563,K.C. Hunt,Keep It Private,0.561,0.3829999999999999,38,0,1
18963,Tedua,Vertigini,0.1639999999999999,0.774,71,0,1
19112,Gemitaiz,Davide (feat. Coez),0.136,0.63,71,0,1
19297,TWINKIDS,Jigoku Tengoku,0.132,0.5720000000000001,32,0,1
20643,OSHUN,Solar Plexus,0.118,0.471,47,0,1
21534,Demun Jones,Shoot a Bird,0.0255,0.657,31,0,1
21736,B.O.,Sunday In My Bedroom (Remix),0.6970000000000001,0.385,27,0,1
21865,Saudin,Lo Siento,0.547,0.381,28,0,1
24256,Pop Pongkool,ภาพจำ,0.426,0.585,58,0,1
24571,toe,Commit Ballad feat. Chara_Mitsu the Beats Remix,0.4589999999999999,0.4629999999999999,38,0,1
24626,Ocean Alley,Knees,0.0524,0.594,66,0,1
25281,Saintseneca,The Wandering Star,0.114,0.653,32,0,1
27042,Pineapple StormTv,Buzz Lightyear,0.432,0.532,67,0,1
27088,Paul Cherry,This High,0.8009999999999999,0.359,36,0,1
27389,Chris Brown,Yo (Excuse Me Miss),0.119,0.612,42,0,1
27830,Cro,Computiful - Carlifornia RMX,0.7559999999999999,0.611,46,0,1
28048,Vallie Pressey,Hot Soldier,0.4379999999999999,0.358,31,0,1
28287,ISLAND,Try,0.331,0.669,42,0,1
29846,Spectre Jones,Sturdy,0.526,0.461,29,0,1
30230,Omar Chaparro,Me Haces Tanto Bien,0.427,0.389,38,0,1
30695,Kallitechnis,body&soul,0.132,0.422,31,0,1
31325,Yung Tory,Be Honest,0.442,0.414,31,0,1
32138,Craig David,Talk to Me,0.0262,0.626,33,0,1
33310,Los Del Arroyo,Ponchito De La Lima - En Vivo,0.682,0.5429999999999999,29,0,1
35253,Matt Johnson,I Will Survive - Acoustic,0.848,0.241,41,0,1
37495,Terrell Morris,Oak,0.718,0.432,24,0,1
37869,King Co,Rose` Rendezvous,0.253,0.565,30,0,1
37981,James Quick,Bored in College,0.623,0.421,40,0,1
38081,The Hackensaw Boys,Oval Room,0.392,0.45,30,0,1
38356,Mary Chapin Carpenter,Heroes and Heroines,0.643,0.298,22,0,1
38488,Andie Case,Tell Me You Love Me,0.728,0.276,25,0,1
39517,Neutro Shorty,Lento,0.359,0.6559999999999999,40,0,1
43303,I-Octane,Unfair Games,0.3229999999999999,0.6509999999999999,41,0,1
44376,Hadrian,Vienes y Te Vas,0.412,0.606,27,0,1
45557,Megan Davies,Too Good at Goodbyes,0.7609999999999999,0.31,28,0,1
46188,PU$$EIDXN,Southern Exposure,0.653,0.45,25,0,1
46214,Michael Barr,Black Jeep,0.18,0.478,21,0,1
46813,Trash Panda,Speak Slow,0.1889999999999999,0.525,26,0,1
51858,Adera,Serpihan Hati,0.373,0.35,56,0,1
54912,Los Freddy's,Disimula,0.7140000000000001,0.445,25,0,1
55219,AMBKOR,Vida rota,0.809,0.476,40,0,1
56468,Abner Official,Bendito Amor,0.367,0.4479999999999999,21,0,1
56819,Meron Addis,Listen (feat. Eli),0.349,0.441,31,0,1
57996,Doobie Scoo and the Vampire Slayers,Drunk and Confused,0.0869,0.5760000000000001,29,0,1
58146,Destiny's Child,Emotion,0.162,0.55,24,0,1
58289,Cam the Artisan,Bliss,0.6709999999999999,0.41,42,0,1
60035,Akira The Don,Be Precise in Your Speech,0.196,0.593,27,0,1
60053,Ebenezer,Nostalgia,0.426,0.605,21,0,1
60649,João Bosco & Vinicius,Aceito Sua Decisão / Pois É - Deluxe,0.828,0.352,35,0,1
61804,Ultimo,Poesia senza veli,0.752,0.519,71,0,1
61966,Gavlyn,Thankful,0.138,0.534,29,0,1
67375,Sneakk,Strictly Only Brothers,0.163,0.3989999999999999,25,0,1
68148,Kenny Khoo,如果我是你,0.799,0.578,28,0,1
69765,Ocean Wisdom,Life,0.474,0.649,41,0,1
72761,Elmo Magalona,Be My Fairy Tale,0.721,0.331,27,0,1
72842,Twin Wild,Fears - Acoustic,0.501,0.645,31,0,1
73661,13 Block,Vide,0.505,0.682,53,0,1
74172,DePedro,Que Te Vaya Bonito,0.321,0.372,33,0,1
75965,William Elliott Whitmore,Diggin' my Grave,0.773,0.519,33,0,1
77297,Vegas Jones,Lisha (Su E Giù),0.299,0.6409999999999999,35,0,1
78208,Animus,Der stärkste Mensch,0.295,0.674,48,0,1
80801,Sofia Ellar,Serenatas Baratas,0.4579999999999999,0.447,45,0,1
81742,Ella Fitzgerald,I Got Plenty O' Nuttin',0.49,0.431,26,0,1
84313,Matthew Young,Fix Me Up,0.0833,0.564,25,0,1
85282,Marvin,Lost Feelings,0.4479999999999999,0.4579999999999999,23,0,1
86401,Nakala,Paris - Sonn Remix,0.0571,0.672,29,0,1
87611,YMR NIG,Yari,0.304,0.6679999999999999,30,0,1
88498,Banfi,Never Really Cared,0.15,0.597,33,0,1
88611,Nfx,Ying,0.462,0.659,28,0,1
89578,Fourtwnty,"Zona Nyaman (From ""Filosofi Kopi 2: Ben & Jody"")",0.355,0.649,66,0,1
89818,John Holt,True Believer in Love,0.0703,0.598,24,0,1
92300,Alan Walker,All Falls Down,0.253,0.672,73,0,1
92580,DrefQuila,A fuego,0.3379999999999999,0.352,71,0,1
92663,Amir,Longtemps,0.6829999999999999,0.456,67,0,1
94449,Los Duros Record,Estamos Bien Bad,0.387,0.531,44,0,1
94529,TRESOR,Aphrodite,0.727,0.525,43,0,1
94751,The Ballroom Thieves,Lost in the Light,0.25,0.351,58,0,1
95142,Tom Walker,Fade Away,0.825,0.267,56,0,1
95228,H.E.R.,Could've Been (Remix) (feat. Tone Stith),0.598,0.356,52,0,1
95351,Silvestre Dangond,Vivir Bailando,0.104,0.848,76,0,1
95468,Cavetown,Self Control,0.494,0.251,53,0,1
95900,Dennis DJ,Agora é Tudo Meu,0.7,0.933,83,0,1
96060,Kontra K,Warnung,0.0453,0.79,74,0,1
96115,Sam Smith,Dancing With A Stranger (With Normani) - Cheat Codes Remix,0.103,0.557,72,0,1
96121,Tyla Yaweh,High Right Now,0.0116,0.557,72,0,1
96142,Alan Walker,All Falls Down (feat. Juliander),0.253,0.672,73,0,1
96596,Fuego,Sigo Fresh,0.477,0.562,71,0,1
96669,Angèle,Tout oublier,0.493,0.542,78,0,1
96846,James Blake,Mile High (feat. Travis Scott & Metro Boomin),0.4029999999999999,0.37,77,0,1
96848,Lil Skies,Name in the Sand,0.0949,0.6559999999999999,75,0,1
96853,Gunna,Baby Birkin,0.2319999999999999,0.649,72,0,1
96854,Juice WRLD,She’s The One,0.308,0.804,72,0,1
96855,Bad Bunny,¿Quien Tu Eres?,0.185,0.58,76,0,1
96857,Yung Pinch,Nightmares (feat. Lil Skies),0.107,0.698,73,0,1
96868,Sean Paul,Contra La Pared,0.0156,0.588,80,0,1
96871,Jacquees,You (Remix) feat. Blueface - Remix,0.4639999999999999,0.43,71,0,1
96874,Imagine Dragons,Believer (feat. Lil Wayne),0.0579999999999999,0.838,74,0,1
96984,Bryant Myers,Tanta Falta Remix,0.198,0.736,74,0,1
97035,Sam Feldt,Gold,0.539,0.703,72,0,1
97115,Alok,All The Lies (with Felix Jaehn & The Vamps),0.1669999999999999,0.835,73,0,1
97166,Tom Walker,Not Giving In,0.632,0.7240000000000001,66,0,1
97441,Danny Ocean,Swing,0.4579999999999999,0.616,82,0,1
97464,Jason Walker,Fun While It Lasted,0.0514,0.674,55,0,1
97515,Chlara,The Nights,0.8270000000000001,0.32,68,0,1
97524,Ghetto Kids,Tra Tra Tra,0.034,0.6970000000000001,71,0,1
97896,David Rees,De Ellos Aprendí,0.145,0.5720000000000001,76,0,1
98560,Yo Gotti,Put a Date On It (feat. Lil Baby),0.0123,0.659,79,0,1
98567,YNW Melly,Butter Pecan - Bonus Track,0.0896,0.691,76,0,1
98568,2 Chainz,Rule The World (feat. Ariana Grande),0.158,0.584,78,0,1
98573,Juice WRLD,Big,0.0628,0.6409999999999999,77,0,1
98574,Sofia Reyes,R.I.P. (feat. Rita Ora & Anitta),0.18,0.752,88,0,1
98578,Lil Skies,Blue Strips,0.102,0.7759999999999999,72,0,1
98582,Drax Project,Woke Up Late (feat. Hailee Steinfeld),0.043,0.66,79,0,1
98589,The Black Keys,Lo/Hi,0.015,0.679,76,0,1
98596,Lil Skies,When I’m Wasted,0.0731,0.639,71,0,1
98607,Myke Towers,Si Se Da,0.374,0.71,87,0,1
98610,Brytiago,Controla,0.504,0.6990000000000001,83,0,1
98619,Quinn XCII,U & Us,0.087,0.73,69,0,1
98631,Lennon Stella,BITCH (takes one to know one),0.0311,0.55,72,0,1
98632,Lost Kings,Anti-Everything,0.28,0.6629999999999999,72,0,1
98633,ARTY,Save Me Tonight,0.0113,0.899,73,0,1
98639,CNCO,Pretend,0.284,0.883,76,0,1
98641,Maggie Rogers,Say It,0.208,0.496,67,0,1
98652,Why Don't We,Cold In LA,0.133,0.624,73,0,1
98654,Quinn XCII,Holding Hands (feat. Elohim),0.452,0.451,66,0,1
98656,Emma Sameth,Spin With You (feat. Jeremy Zucker),0.718,0.445,71,0,1
98670,Drake,Houstatlantavegas,0.3929999999999999,0.695,68,0,1
98703,George Strait,God And Country Music,0.727,0.455,59,0,1
98708,Dermot Kennedy,Lost,0.243,0.731,73,0,1
98730,TAEMIN,WANT,0.0261,0.757,71,0,1
98778,MARINA,Superstar,0.322,0.574,68,0,1
98819,Alex Rose,Khalifa,0.371,0.696,72,0,1
98820,Mandolin Orange,The Wolves,0.856,0.341,63,0,1
98844,HRVY,Told You So,0.0697,0.825,71,0,1
98846,Rita Ora,Only Want You (feat. 6LACK),0.0574,0.547,72,0,1
98873,Kenny Man,Ni Gucci Ni Prada - Remix,0.245,0.7559999999999999,77,0,1
98971,Dave,Location (feat. Burna Boy),0.271,0.496,81,0,1
98974,Carlos Vives,Si Me Das Tu Amor,0.0613,0.88,71,0,1
99084,HONNE,Crying Over You ◐ (feat. RM & BEKA),0.0835,0.652,67,0,1
99168,Mansionair,Easier,0.2019999999999999,0.482,62,0,1
99223,Ron Pope,Come To California - Acoustic,0.7959999999999999,0.317,60,0,1
99370,YNW Melly,Mixed Personalities (feat. Kanye West),0.457,0.44,91,0,1
99375,Sam Smith,Dancing With A Stranger (with Normani),0.45,0.52,96,0,1
99380,Cardi B,Please Me,0.0642,0.57,92,0,1
99382,Lauv,i'm so tired...,0.176,0.733,95,0,1
99384,Lil Skies,i,0.627,0.4529999999999999,87,0,1
99386,Khalid,My Bad,0.5429999999999999,0.568,91,0,1
99396,Khalid,Outta My Head (with John Mayer),0.0174,0.545,88,0,1
99398,Juice WRLD,Hear Me Calling,0.308,0.687,86,0,1
99402,Offset,Legacy (feat. Travis Scott & 21 Savage),0.178,0.513,85,0,1
99403,Ariana Grande,bloodline,0.0815,0.665,88,0,1
101605,Khalid,Bad Luck,0.2769999999999999,0.52,81,0,1
101608,Khalid,Right Back,0.0649,0.427,81,0,1
101610,Anuel Aa,Secreto,0.602,0.8029999999999999,95,0,1
101612,Khalid,Hundred,0.0521,0.483,80,0,1
101613,FLETCHER,Undrunk,0.455,0.5720000000000001,86,0,1
101620,Khalid,Don't Pretend,0.246,0.547,77,0,1
101623,YK Osiris,Worth It,0.4679999999999999,0.528,83,0,1
101635,Kehlani,Nights Like This (feat. Ty Dolla $ign),0.367,0.725,87,0,1
101637,Khalid,Free Spirit,0.308,0.446,80,0,1
101639,Khalid,Twenty One,0.212,0.445,79,0,1
101640,Khalid,Bluffin',0.354,0.314,78,0,1
101641,Ariana Grande,in my head,0.173,0.6,84,0,1
101645,Sia,No New Friends,0.0648,0.7020000000000001,85,0,1
101649,Daya,Insomnia,0.0944,0.653,84,0,1
101650,Jonas Brothers,Cool,0.0106,0.619,84,0,1
101651,The Chainsmokers,Kills You Slowly,0.0518,0.429,83,0,1
101657,Future,First Off (feat. Travis Scott),0.013,0.6829999999999999,83,0,1
101659,Juice WRLD,Feeling,0.2339999999999999,0.515,81,0,1
101661,YUNGBLUD,11 Minutes (with Halsey feat. Travis Barker),0.0116,0.852,86,0,1
101664,Post Malone,Wow. - Remix,0.148,0.64,85,0,1
101670,Juice WRLD,Ring Ring (with Rvssian feat. Clever),0.0768,0.6729999999999999,79,0,1
101671,Juice WRLD,HeMotions,0.667,0.76,79,0,1
101672,Calvin Harris,Giant (with Rag'n'Bone Man),0.016,0.887,94,0,1
101681,Manuel Turizo,Esclavo de Tus Besos,0.113,0.6709999999999999,90,0,1
101683,Halsey,Without Me (with Juice WRLD),0.351,0.515,78,0,1
101685,AJR,100 Bad Days,0.0465,0.639,74,0,1
101687,Juice WRLD,ON GOD (feat. Young Thug),0.0925,0.722,75,0,1
101693,Gunna,Outstanding,0.309,0.73,75,0,1
101696,Juice WRLD,10 Feet,0.466,0.6809999999999999,75,0,1
101700,Lil Skies,Stop The Madness (feat. Gunna),0.0201,0.833,75,0,1
101701,Kygo,Happy Now,0.374,0.575,87,0,1
101707,Kehlani,Feels,0.259,0.609,76,0,1
101708,DJ Luian,Verte Ir,0.391,0.647,88,0,1
101709,Zara Larsson,Don't Worry Bout Me,0.0797,0.706,84,0,1
101711,Lil Tjay,Goat,0.148,0.6779999999999999,73,0,1
101714,Bea Miller,it's not u it's me,0.0204,0.568,76,0,1
101716,Martin Jensen,Nobody,0.2689999999999999,0.687,82,0,1
101719,Gesaffelstein,Lost in the Fire (feat. The Weeknd),0.0933,0.6709999999999999,75,0,1
101725,Lizzo,Tempo (feat. Missy Elliott),0.0573,0.722,75,0,1
101730,Luke Bryan,Knockin' Boots,0.129,0.682,73,0,1
101732,DaBaby,Baby Sitter (feat. Offset),0.0219,0.73,74,0,1
101733,NAV,Habits,0.23,0.534,74,0,1
101739,Lost Kings,Don't Kill My High,0.0363,0.932,75,0,1
101741,Gunna,Richard Millie Plain,0.356,0.674,71,0,1
101743,BLACKPINK,Kill This Love,0.302,0.855,83,0,1
101752,Bryce Vine,La La Land (feat. YG),0.223,0.469,72,0,1
101754,Chad Brownlee,Forever's Gotta Start Somewhere,0.053,0.759,72,0,1
101758,Maggie Rogers,Burning,0.21,0.688,72,0,1
101764,Lil Skies,Ok 4 Now,0.103,0.544,72,0,1
101765,Kehlani,Nunya (feat. Dom Kennedy),0.39,0.71,73,0,1
101777,Logic,Can I Kick It,0.609,0.774,71,0,1
101778,Flume,Friends,0.288,0.6679999999999999,74,0,1
101788,Charlie Puth,Done for Me (feat. Kehlani),0.193,0.632,76,0,1
101794,Rich The Kid,Woah (feat. Miguel & Ty Dolla $ign),0.103,0.703,71,0,1
101795,Tom Walker,Just You and I,0.456,0.696,83,0,1
101806,R3HAB,BAD!,0.309,0.816,78,0,1
101810,Logic,Time Machine,0.595,0.4639999999999999,69,0,1
101831,070 Shake,Glitter,0.557,0.622,71,0,1
101834,BLACKPINK,Don't Know What To Do,0.111,0.654,76,0,1
101836,Logic,Pretty Young Girl,0.206,0.637,69,0,1
101841,P!nk,Hustle,0.0802,0.794,73,0,1
101857,EVERGLOW,Bon Bon Chocolat,0.0343,0.828,78,0,1
101867,Hwa Sa,TWIT,0.122,0.813,77,0,1
101875,Brooks & Dunn,Neon Moon - with Kacey Musgraves,0.1669999999999999,0.552,69,0,1
101886,ILLENIUM,Crashing (feat. Bahari),0.342,0.6809999999999999,70,0,1
101890,Hozier,"Wasteland, Baby!",0.612,0.407,67,0,1
101914,KREAM,Deep End (feat. JHart) - Eden Prince Remix,0.0154,0.848,72,0,1
101945,Karol G,Punto G,0.00796,0.7509999999999999,73,0,1
101948,SG Lewis,Throwaway (with Clairo),0.784,0.49,72,0,1
101949,Maggie Rogers,On + Off,0.293,0.5920000000000001,66,0,1
101971,Jon Z,DESPUES QUE TE PERDI,0.248,0.813,76,0,1
101974,Sia,Genius,0.0864,0.621,75,0,1
102008,Morgan Wallen,Cover Me Up,0.235,0.437,65,0,1
102046,Steve Aoki,Are You Lonely (feat. ISÁK),0.0214,0.7929999999999999,77,0,1
102057,Rico Love,Fight for You,0.0756,0.473,66,0,1
102059,Blake Rose,Lost,0.216,0.687,68,0,1
102069,Emily Blunt,Can You Imagine That?,0.816,0.381,67,0,1
102077,James TW,Suitcase,0.267,0.396,72,0,1
102086,Paulo Londra,Nena Maldición (feat. Lenny Tavárez),0.178,0.631,79,0,1
102087,Oliver Heldens,This Groove,0.00779,0.909,75,0,1
102118,Kevin Roldan,PPP - Remix,0.287,0.7490000000000001,81,0,1
102122,Dean Lewis,Stay Awake,0.311,0.797,71,0,1
102124,Brooks & Dunn,Red Dirt Road - with Cody Johnson,0.629,0.44,59,0,1
102133,CLC,No,0.00785,0.722,71,0,1
102166,Pat Barrett,Build My Life,0.1119999999999999,0.591,62,0,1
102230,Bryant Myers,Ganas Sobran,0.369,0.597,80,0,1
102254,bülow,Sweet Little Lies,0.2289999999999999,0.727,71,0,1
102278,Alex Rose,Me Odias?,0.552,0.581,72,0,1
102289,Calvin Harris,Giant (with Rag'n'Bone Man) - Robin Schulz Remix,0.0634,0.88,72,0,1
102305,Natti Natasha,Pa' Mala Yo,0.477,0.769,72,0,1
102338,Fuego,Good Vibes - Official Remix,0.0544,0.614,73,0,1
102365,Benjamin Ingrosso,All Night Long (All Night) - Recorded at Spotify Studios Stockholm,0.0106,0.718,77,0,1
102466,Mark Ronson,Nothing Breaks Like a Heart - Don Diablo Remix,0.179,0.871,71,0,1
102765,Camilo,No Te Vayas,0.0527,0.721,73,0,1
103252,Paulo Londra,Dímelo,0.0563,0.71,74,0,1
103351,Jenny Lewis,Hollywood Lawn,0.2339999999999999,0.611,56,0,1
103352,Denny Strickland,Don't You Wanna,0.256,0.6920000000000001,55,0,1
103982,Rels B,Euromillón,0.769,0.585,71,0,1
103986,YannaMaria,When We Dance,0.2339999999999999,0.54,26,0,1
105430,YFN Lucci,Too Much (feat. Wale),0.0819,0.547,44,0,1
106452,ayokay,Stay With Me (feat. Jeremy Zucker),0.489,0.695,75,0,1
107945,Gallant,Put That On Everything - Recorded at Spotify Studios NYC,0.292,0.457,41,0,1
108216,Bigflo & Oli,Demain - Bigflo & Oli X Petit Biscuit,0.407,0.7090000000000001,63,0,1
108241,Curren$y,300 Thousand,0.315,0.411,41,0,1
109314,Zé Neto & Cristiano,Largado Às Traças - Ao Vivo,0.611,0.8690000000000001,76,0,1
109468,Mahalia,That's OK,0.753,0.419,49,0,1
110376,HoodRich Pablo Juan,Everything Rare (feat. Rich The Kid),0.23,0.6629999999999999,41,0,1
110796,John Prine,"I Just Called to Say I Love You - Recorded at RCA Studio A, Nashville",0.664,0.297,49,0,1
111282,Gigolo Y La Exce,Decibel,0.327,0.467,52,0,1
111548,Silk City,Electricity (with Dua Lipa) - Acoustic,0.649,0.39,64,0,1
113138,MC Kekel,Amor de Verdade,0.138,0.7240000000000001,72,0,1
115046,Michael Ray,"Psycho - Recorded at Sound Stage Studios, Nashville",0.653,0.59,45,0,1
115320,Carlos Rivera,Regrésame Mi Corazón,0.141,0.679,71,0,1
115330,Katy Perry,Waving Through A Window - Bonus Track,0.461,0.556,42,0,1
115800,Thalía,Lindo Pero Bruto,0.204,0.78,73,0,1
115844,Crowder,The Sinner's Cure,0.444,0.664,39,0,1
116525,Joseph Angel,Shame,0.111,0.573,48,0,1
116572,AJ x Deno,London,0.0316,0.6509999999999999,72,0,1
116980,Ellie Goulding,Love Me Like You Do,0.27,0.597,63,0,1
117401,iZaak,Antes de Lamentar (feat. Almighty),0.7,0.534,46,0,1
117829,Melendi,Déjala Que Baile,0.356,0.777,72,0,1
117840,Rae Sremmurd,What's In Your Heart? - From Swaecation,0.0965,0.5670000000000001,52,0,1
117943,Callalily,Ex,0.586,0.381,69,0,1
118004,YNW Melly,Freddy Krueger (feat. Tee Grizzley),0.0918,0.621,78,0,1
118019,Shoffy,Cool Again,0.4429999999999999,0.45,75,0,1
118057,Felix Jaehn,Feel Good,0.115,0.904,71,0,1
118058,Jess Glynne,Thursday - Acoustic,0.795,0.316,59,0,1
118060,CNCO,Mamita,0.107,0.705,72,0,1
118221,Lauv,Come Back Home,0.119,0.473,62,0,1
118271,Felix Jaehn,Ain't Nobody (Loves Me Better) (feat. Jasmine Thompson),0.6759999999999999,0.573,73,0,1
118442,Josh Groban,Granted,0.575,0.5579999999999999,62,0,1
118500,Felix Jaehn,"Jennie (feat. R. City, Bori)",0.102,0.807,74,0,1
118871,EZ El Ezeta,Buena Buena,0.236,0.6859999999999999,54,0,1
118942,Silk City,Electricity - Acoustic,0.649,0.39,64,0,1
118949,Villagers,A Trick of the Light,0.513,0.606,63,0,1
119120,The 1975,TOOTIMETOOTIMETOOTIME,0.209,0.7979999999999999,76,0,1
119122,NOTD,I Wanna Know (feat. Bea Miller),0.0253,0.725,79,0,1
119136,Jaden Smith,SOHO,0.342,0.596,71,0,1
119152,Bad Bunny,Dime Si Te Acuerdas,0.488,0.598,71,0,1
119180,Mumford & Sons,Forever,0.386,0.371,60,0,1
119196,BTS,Trivia 起 : Just Dance,0.0907,0.906,71,0,1
119212,Anitta,Veneno,0.046,0.768,77,0,1
119222,CNCO,Se Vuelve Loca,0.0196,0.78,74,0,1
119316,Jorja Smith,February 3rd,0.4529999999999999,0.4529999999999999,68,0,1
119342,SAINt JHN,Reflex,0.134,0.497,66,0,1
119372,Lewis Capaldi,Rush (feat. Jessie Reyez),0.541,0.624,73,0,1
119377,Derez De’Shon,Hardaway,0.118,0.518,58,0,1
119398,Mr. Probz,Space For Two,0.466,0.6,72,0,1
119489,Axwell /\ Ingrosso,Dancing Alone,0.0853,0.94,72,0,1
119597,Noah Cyrus,Punches (with LP),0.416,0.499,67,0,1
120438,Beret,Te echo de menos,0.206,0.7140000000000001,72,0,1
120564,Jay Chou,等你下課,0.477,0.465,65,0,1
120762,Ariana Grande,no tears left to cry,0.04,0.713,89,0,1
120765,Juice WRLD,Used To,0.1,0.691,73,0,1
120767,Post Malone,Ball For Me (feat. Nicki Minaj),0.493,0.56,81,0,1
120781,Post Malone,Over Now,0.131,0.7609999999999999,79,0,1
120784,Eminem,Greatest,0.0441,0.737,77,0,1
120787,ScHoolboy Q,X (with 2 Chainz & Saudi),0.0201,0.471,77,0,1
120788,Camila Cabello,Never Be the Same,0.181,0.713,80,0,1
120792,Dominic Fike,3 Nights,0.223,0.518,85,0,1
120794,Lil Peep,Life is Beautiful,0.0385,0.638,76,0,1
120795,A$AP Rocky,Sundress,0.176,0.7040000000000001,77,0,1
120801,Daniel Caesar,Who Hurt You?,0.586,0.493,78,0,1
120805,NOTD,So Close,0.121,0.872,84,0,1
120810,SOB X RBE,Paramedic!,0.177,0.652,73,0,1
120815,Twenty One Pilots,Morph,0.0747,0.607,76,0,1
120817,Lil Peep,Runaway,0.44,0.591,74,0,1
120818,Maroon 5,Wait,0.0959,0.603,71,0,1
120821,Post Malone,Sugar Wraith,0.26,0.767,76,0,1
120824,The Weeknd,Wasted Times,0.622,0.674,75,0,1
120868,Charlie Puth,Done For Me (feat. Kehlani),0.193,0.632,76,0,1
120870,J. Cole,Photograph,0.0299,0.487,72,0,1
120881,Lauv,I Like Me Better,0.535,0.505,76,0,1
120883,Twenty One Pilots,Cut My Lip,0.12,0.561,73,0,1
120887,Loud Luxury,Love No More,0.0217,0.674,74,0,1
120897,Kelsea Ballerini,Miss Me More,0.0139999999999999,0.72,75,0,1
120900,Jeremy Zucker,better off,0.747,0.322,74,0,1
120918,Tory Lanez,Pa Mi (with Ozuna),0.0983,0.557,71,0,1
120925,David Guetta,Like I Do,0.00664,0.9,80,0,1
120931,Playboi Carti,FlatBed Freestyle,0.0967,0.552,72,0,1
120934,Arcangel,Original,0.0682,0.487,71,0,1
120962,IU,BBIBBI,0.241,0.617,73,0,1
121001,C. Tangana,Booty,0.0167,0.7709999999999999,82,0,1
121004,Alan Walker,Lost Control,0.0345,0.555,79,0,1
121032,Manuel Turizo,Sola,0.483,0.706,82,0,1
121052,Tyla Yaweh,She Bad,0.1969999999999999,0.526,71,0,1
121078,Bryant Myers,Tanta Falta,0.135,0.728,77,0,1
121088,MOMOLAND,BBoom BBoom,0.0149,0.7440000000000001,74,0,1
121090,Vance Joy,Like Gold,0.2239999999999999,0.7120000000000001,68,0,1
121163,DJ Khalil,"Elevate (feat. Denzel Curry, YBN Cordae, SwaVay, Trevor Rich)",0.159,0.933,73,0,1
121215,Alan Walker,Alone,0.2289999999999999,0.914,75,0,1
121225,Still Woozy,Habit,0.27,0.402,72,0,1
121233,Jorja Smith,Blue Lights,0.6659999999999999,0.57,73,0,1
121235,Gregory Alan Isakov,San Luis,0.86,0.434,69,0,1
121239,Blanco White,Olalla,0.662,0.409,74,0,1
121373,J Balvin,Peligrosa,0.0545,0.759,73,0,1
121375,Noah Kahan,Hurt Somebody (With Julia Michaels),0.3379999999999999,0.5589999999999999,77,0,1
121405,Nightcall,Let You Go,0.163,0.769,77,0,1
121406,Maikel Delacalle,Replay,0.203,0.8,75,0,1
121407,Kenny Man,Ni Gucci Ni Prada,0.41,0.6759999999999999,85,0,1
121462,Nao,If You Ever (feat. 6LACK),0.0895,0.62,66,0,1
121472,Jeremih,Surrounded (feat. Chris Brown & Wiz Khalifa),0.0392,0.45,66,0,1
121491,SHAUN,Way Back Home,0.405,0.7390000000000001,71,0,1
121671,ROSALÍA,DI MI NOMBRE - Cap.8: Éxtasis,0.885,0.534,73,0,1
121703,Jax Jones,Ring Ring (feat. Mabel & Rich The Kid),0.172,0.6409999999999999,76,0,1
121709,Des Rocs,Let Me Live / Let Me Die,0.034,0.759,71,0,1
121732,Kacey Musgraves,Love Is A Wild Thing,0.266,0.631,67,0,1
121740,Vic Mensa,Deserve It (feat. Mr Hudson),0.684,0.5660000000000001,44,0,1
121808,Two Feet,I Feel Like I'm Drowning,0.708,0.5770000000000001,75,0,1
121861,Justine Skye,Goodlove,0.0894,0.5770000000000001,57,0,1
121944,Sia,Helium (Sia vs. David Guetta & Afrojack),0.0977,0.5870000000000001,68,0,1
121967,Alvaro Soler,La Cintura,0.0201,0.845,77,0,1
122074,Miky Woodz,Na' Personal,0.0599,0.618,76,0,1
122382,Jonas Blue,Fast Car,0.469,0.578,76,0,1
122476,SiR,Summer in November,0.354,0.588,54,0,1
122787,MC Kevinho,O Bebê,0.248,0.7490000000000001,75,0,1
122850,Duki,She Don't Give a Fo,0.345,0.556,73,0,1
123171,Chayanne,Di Qué Sientes Tú,0.205,0.465,68,0,1
123279,03 Greedo,Beat That Thang Down (feat. PNB Rock),0.489,0.546,51,0,1
123785,Rise Against,Audience Of One - Ghost Note Symphonies,0.619,0.405,56,0,1
123849,Jordan Smith,Only Love,0.307,0.462,63,0,1
123869,Ariana Grande,"thank u, next",0.28,0.647,84,0,1
123872,Sheck Wes,Mo Bamba,0.1939999999999999,0.625,90,0,1
123873,Halsey,Without Me,0.297,0.488,96,0,1
123883,Bad Bunny,MIA (feat. Drake),0.0141,0.539,93,0,1
123885,DJ Snake,"Taki Taki (with Selena Gomez, Ozuna & Cardi B)",0.153,0.7979999999999999,94,0,1
123889,Khalid,Better,0.0765,0.552,88,0,1
123894,Lil Baby,"Never Recover (Lil Baby & Gunna, Drake)",0.0716,0.69,82,0,1
123896,benny blanco,Eastside (with Halsey & Khalid),0.555,0.68,90,0,1
123900,Cardi B,I Like It,0.099,0.726,89,0,1
123902,Post Malone,Psycho (feat. Ty Dolla $ign),0.58,0.5589999999999999,89,0,1
123904,Post Malone,rockstar (feat. 21 Savage),0.1169999999999999,0.535,91,0,1
123908,French Montana,No Stylist,0.0215,0.7040000000000001,86,0,1
123914,Lil Mosey,Noticed,0.462,0.5579999999999999,86,0,1
123916,Juice WRLD,Lucid Dreams,0.364,0.574,91,0,1
123918,Ariana Grande,God is a woman,0.0233,0.6579999999999999,86,0,1
123921,6ix9ine,"MAMA (feat. Nicki Minaj, Kanye West)",0.0893,0.672,79,0,1
123925,Kodak Black,ZEZE (feat. Travis Scott & Offset),0.0521,0.603,91,0,1
123929,Billie Eilish,come out and play,0.693,0.321,84,0,1
123930,Ellie Goulding,Close To Me (with Diplo) (feat. Swae Lee),0.0969,0.758,91,0,1
123931,Drake,Nice For What,0.0891,0.909,85,0,1
123936,Zara Larsson,Ruin My Life,0.423,0.6990000000000001,86,0,1
123939,Juice WRLD,Armed And Dangerous,0.186,0.67,87,0,1
123942,Ella Mai,Trip,0.225,0.61,83,0,1
123953,Kodak Black,MoshPit (feat. Juice WRLD),0.3939999999999999,0.627,77,0,1
123966,Kygo,Happy Now (feat. Sandro Cavazza),0.374,0.575,87,0,1
123971,Kodak Black,Gnarly (feat. Lil Pump),0.469,0.784,73,0,1
123973,Juice WRLD,Legends,0.115,0.7979999999999999,81,0,1
123992,Meek Mill,On Me (feat. Cardi B),0.0482,0.6659999999999999,74,0,1
123995,Playboi Carti,Shoota (feat. Lil Uzi Vert),0.191,0.649,79,0,1
124000,Billie Eilish,bitches broken hearts,0.919,0.422,83,0,1
124006,Future,Hard Work Pays Off,0.327,0.482,75,0,1
124018,Dua Lipa,Kiss and Make Up,0.0658,0.7290000000000001,86,0,1
124026,Drake,Mob Ties,0.0456,0.575,79,0,1
124029,Little Mix,Woman Like Me (feat. Nicki Minaj),0.173,0.8490000000000001,82,0,1
124044,Gunna,Sold Out Dates (feat. Lil Baby),0.433,0.5539999999999999,73,0,1
124048,Russ,Missin You Crazy,0.0991,0.7290000000000001,83,0,1
124051,Travis Scott,CAN'T SAY,0.201,0.708,80,0,1
124053,Kendrick Lamar,All The Stars (with SZA),0.0605,0.633,83,0,1
124059,Lil Skies,Creeping (feat. Rich the Kid),0.0108,0.687,79,0,1
124060,Lil Dicky,Freaky Friday (feat. Chris Brown),0.147,0.599,81,0,1
124061,Childish Gambino,This Is America,0.1169999999999999,0.4629999999999999,81,0,1
124069,benny blanco,Roses (with Juice WRLD feat. Brendon Urie),0.166,0.6,82,0,1
124070,Ozuna,Vaina Loca,0.315,0.805,87,0,1
124072,Lauv,There's No Way (feat. Julia Michaels),0.49,0.625,85,0,1
124074,Shawn Mendes,In My Blood,0.0573,0.7120000000000001,86,0,1
124075,Post Malone,Paranoid,0.0379,0.5539999999999999,80,0,1
124081,Khalid,Suncity (feat. Empress Of),0.0998,0.63,81,0,1
124082,Cardi B,Ring (feat. Kehlani),0.049,0.5429999999999999,77,0,1
124084,JENNIE,SOLO,0.0861,0.642,79,0,1
124086,Ski Mask The Slump God,Take A Step Back,0.109,0.59,78,0,1
124089,Joyner Lucas,I Love,0.2739999999999999,0.565,77,0,1
124092,KYLE,Playinwitme (feat. Kehlani),0.3389999999999999,0.584,80,0,1
124099,6ix9ine,BEBE (feat. Anuel Aa),0.172,0.902,86,0,1
124105,Martin Garrix,Ocean (feat. Khalid),0.584,0.693,84,0,1
124109,Juice WRLD,Wasted (feat. Lil Uzi Vert),0.0442,0.5820000000000001,81,0,1
124115,Juice WRLD,Rich And Blind,0.0102,0.624,77,0,1
124120,Trippie Redd,Negative Energy,0.413,0.672,71,0,1
124123,Shawn Mendes,Lost In Japan - Remix,0.0882,0.852,82,0,1
124124,Travis Scott,WAKE UP,0.192,0.645,76,0,1
124132,A Boogie Wit da Hoodie,Come Closer (feat. Queen Naija),0.22,0.556,77,0,1
124146,Clean Bandit,Solo (feat. Demi Lovato),0.0441,0.636,86,0,1
124150,Twenty One Pilots,My Blood,0.0563,0.723,79,0,1
124151,A Boogie Wit da Hoodie,Savage,0.188,0.402,72,0,1
124157,Bad Bunny,NI BIEN NI MAL,0.556,0.449,88,0,1
124160,Juice WRLD,Black & White,0.0802,0.736,81,0,1
124162,Maroon 5,What Lovers Do (feat. SZA),0.0788,0.597,76,0,1
124166,G-Eazy,1942,0.0152,0.6459999999999999,76,0,1
124168,Logic,44 More,0.0635,0.589,78,0,1
124172,Joji,YEAH RIGHT,0.619,0.588,81,0,1
124174,SHAED,Trampoline,0.488,0.412,79,0,1
124176,A Boogie Wit da Hoodie,4 Min Convo (Favorite Song),0.359,0.65,71,0,1
124180,Bad Bunny,Otra Noche en Miami,0.1969999999999999,0.6459999999999999,80,0,1
124184,Mac Miller,Ladders,0.236,0.4629999999999999,77,0,1
124198,Bad Bunny,Cuando Perriabas,0.1369999999999999,0.705,78,0,1
124201,Ariana Grande,R.E.M,0.375,0.485,76,0,1
124202,Metro Boomin,Overdue (with Travis Scott),0.733,0.4,74,0,1
124206,Bad Bunny,Como Antes,0.6679999999999999,0.379,75,0,1
124208,Marc Anthony,Está Rico,0.266,0.74,81,0,1
124209,Charlie Puth,Attention,0.109,0.613,84,0,1
124218,YoungBoy Never Broke Again,I Am Who They Say I Am (feat. Kevin Gates and Quando Rondo),0.21,0.88,73,0,1
124219,Bad Bunny,MIA,0.0142,0.5379999999999999,72,0,1
124225,6ix9ine,GOTTI,0.0524,0.584,76,0,1
124228,Travis Scott,HOUSTONFORNICATION,0.0985,0.723,75,0,1
124230,YoungBoy Never Broke Again,Murda (feat. Trippie Redd),0.28,0.5660000000000001,75,0,1
124239,Mac Miller,Hurt Feelings,0.3429999999999999,0.462,76,0,1
124251,benny blanco,I Found You (with Calvin Harris),0.033,0.872,80,0,1
124255,The Chainsmokers,Hope,0.488,0.6990000000000001,85,0,1
124256,LANCO,Born to Love You,0.13,0.902,72,0,1
124259,Travis Scott,ASTROTHUNDER,0.142,0.46,74,0,1
124262,Post Malone,Same Bitches (feat. G-Eazy & YG),0.379,0.774,77,0,1
124264,Dustin Lynch,Good Girl,0.16,0.696,74,0,1
124271,Quavo,FLIP THE SWITCH (feat. Drake),0.129,0.637,78,0,1
124275,LANCO,Greatest Love Story,0.401,0.617,75,0,1
124277,Becky G,Cuando Te Besé,0.307,0.732,85,0,1
124279,6ix9ine,GUMMO,0.0553,0.775,75,0,1
124287,Kygo,Remind Me to Forget,0.193,0.508,81,0,1
124288,Tory Lanez,DrIP DrIp Drip (feat. Meek Mill),0.162,0.8140000000000001,72,0,1
124297,Travis Scott,WHO? WHAT!,0.0462,0.731,73,0,1
124308,David Guetta,Say My Name,0.1369999999999999,0.66,75,0,1
124315,Post Malone,Takin' Shots,0.597,0.625,77,0,1
124316,Khalid,Vertigo,0.552,0.4579999999999999,76,0,1
124325,Twenty One Pilots,Jumpsuit,0.00849,0.61,78,0,1
124326,Teyana Taylor,Gonna Love Me,0.402,0.506,73,0,1
124340,Pedro Capó,Calma - Remix,0.3229999999999999,0.773,96,0,1
124345,Shawn Mendes,Youth (feat. Khalid),0.56,0.596,80,0,1
124347,Ansel Elgort,Supernova,0.0596,0.618,77,0,1
124348,Panic! At The Disco,"Hey Look Ma, I Made It",0.0137,0.833,80,0,1
124352,Jason Aldean,Drowns The Whiskey (feat. Miranda Lambert),0.294,0.698,71,0,1
124354,Lil Peep,Sex with My Ex,0.0472,0.77,72,0,1
124358,YoungBoy Never Broke Again,No Mentions,0.27,0.54,71,0,1
124371,Jason Aldean,Girl Like You,0.035,0.88,75,0,1
124373,Twenty One Pilots,Nico And The Niners,0.0699,0.602,77,0,1
124378,YNW Melly,Butter Pecan,0.0896,0.691,76,0,1
124384,Childish Gambino,Summertime Magic,0.0129,0.579,74,0,1
124386,Camila Cabello,Real Friends,0.235,0.512,79,0,1
124392,Rita Ora,Only Want You,0.0599,0.528,80,0,1
124393,Mac Miller,What's the Use?,0.736,0.492,74,0,1
124394,Maggie Rogers,Light On,0.201,0.569,75,0,1
124398,Young Thug,High (feat. Elton John),0.223,0.498,73,0,1
124399,Lil Xan,Betrayed,0.434,0.434,76,0,1
124413,Chris Lane,I Don't Know About You,0.601,0.8079999999999999,75,0,1
124418,Lil Yachty,66,0.0455,0.723,73,0,1
124423,Queen Naija,Karma,0.172,0.5710000000000001,72,0,1
124427,Lil Wayne,Famous (feat. Reginae Carter),0.0301,0.568,67,0,1
124428,Charlie Puth,The Way I Am,0.314,0.769,75,0,1
124431,Lil Peep,Cry Alone,0.0366,0.856,72,0,1
124439,YoungBoy Never Broke Again,No Love,0.283,0.735,71,0,1
124443,Yung Bans,Ridin (feat. Landon Cube & YBN Nahmir),0.606,0.439,71,0,1
124448,BLACKPINK,DDU-DU DDU-DU,0.0323,0.8590000000000001,76,0,1
124454,KYLE,Hey Julie! (feat. Lil Yachty),0.0446,0.505,74,0,1
124457,Cardi B,Thru Your Phone,0.17,0.5489999999999999,72,0,1
124458,Lil Peep,Broken Smile (My All),0.0459,0.517,71,0,1
124462,Reik,Me Niego,0.0543,0.779,82,0,1
124464,Cash Cash,Finest Hour (feat. Abir),0.0789,0.7290000000000001,73,0,1
124480,Joyner Lucas,Stranger Things,0.4429999999999999,0.6629999999999999,75,0,1
124483,Lil Xan,Lies (feat. Lil Skies),0.0262,0.626,71,0,1
124486,Jason Derulo,Goodbye (feat. Nicki Minaj & Willy William),0.0776,0.904,81,0,1
124487,Maluma,Felices los 4,0.213,0.7559999999999999,80,0,1
124488,Chris Lane,Take Back Home Girl (feat. Tori Kelly),0.356,0.7829999999999999,74,0,1
124494,Denzel Curry,CLOUT COBAIN | CLOUT CO13A1N,0.591,0.4479999999999999,72,0,1
124502,Travis Scott,COFFEE BEAN,0.0862,0.5820000000000001,71,0,1
124505,NF,NO NAME,0.218,0.789,71,0,1
124506,Roddy Ricch,Die Young,0.221,0.642,77,0,1
124515,Mac Miller,Wings,0.818,0.33,71,0,1
124518,Ciara,Level Up,0.0142,0.825,76,0,1
124521,Anderson .Paak,Tints (feat. Kendrick Lamar),0.0859,0.833,71,0,1
124522,Shakira,Clandestino,0.39,0.8220000000000001,80,0,1
124524,Bryson Tiller,Canceled,0.157,0.611,73,0,1
124533,Bryant Myers,Triste,0.4029999999999999,0.7240000000000001,73,0,1
124535,Drake,Finesse,0.133,0.32,72,0,1
124541,J Balvin,No Es Justo,0.161,0.8109999999999999,80,0,1
124545,Lennon Stella,La Di Da,0.195,0.679,79,0,1
124547,Vic Mensa,Reverse (Ft. G-Eazy),0.031,0.703,72,0,1
124554,Twenty One Pilots,Smithereens,0.296,0.5479999999999999,73,0,1
124558,Oliver Tree,Alien Boy,0.111,0.599,76,0,1
124567,Sia,"Genius (with Sia, Diplo & Labrinth)",0.0864,0.621,77,0,1
124569,Jhene Aiko,Never Call Me (feat. YG) - Remix,0.6940000000000001,0.419,72,0,1
124572,Ruel,Younger,0.2019999999999999,0.477,79,0,1
124579,Shawn Mendes,Where Were You In The Morning?,0.5539999999999999,0.519,78,0,1
124580,Juice WRLD,Candles,0.348,0.5820000000000001,75,0,1
124584,EXO,Tempo,0.237,0.8420000000000001,74,0,1
124589,Brytiago,Asesina,0.614,0.6629999999999999,76,0,1
124590,Lele Pons,Celoso,0.352,0.703,79,0,1
124606,Twenty One Pilots,Neon Gravestones,0.379,0.427,72,0,1
124611,Maroon 5,Don't Wanna Know (feat. Kendrick Lamar),0.3429999999999999,0.61,72,0,1
124618,Nick Jonas,Right Now,0.0104,0.7509999999999999,79,0,1
124626,Lil Mosey,Yoppa (with BlocBoy JB),0.122,0.497,73,0,1
124634,Joji,R.I.P. (feat. Trippie Redd),0.618,0.515,71,0,1
124635,Zion & Lennox,La Player (Bandolera),0.16,0.838,82,0,1
124638,Twenty One Pilots,Pet Cheetah,0.0615,0.684,71,0,1
124640,Mac Miller,Dunno,0.768,0.2289999999999999,70,0,1
124641,KIDS SEE GHOSTS,Feel The Love,0.126,0.469,72,0,1
124648,Lil Tjay,Brothers,0.695,0.421,78,0,1
124652,Ruel,Dazed & Confused,0.102,0.5,78,0,1
124653,Metro Boomin,Up To Something (feat. Travis Scott & Young Thug),0.319,0.616,66,0,1
124684,Rita Ora,"Girls (feat. Cardi B, Bebe Rexha & Charli XCX)",0.0164,0.69,76,0,1
124685,EXO,Love Shot,0.0702,0.6779999999999999,78,0,1
124687,J Balvin,Mi Gente,0.0168,0.7040000000000001,77,0,1
124695,A$AP Rocky,A$AP Forever,0.2239999999999999,0.78,72,0,1
124705,Mumford & Sons,Woman,0.662,0.555,65,0,1
124709,Twenty One Pilots,The Hype,0.0105,0.816,72,0,1
124712,Kris Kross Amsterdam,Whenever (feat. Conor Maynard),0.151,0.765,81,0,1
124718,BROCKHAMPTON,1999 WILDFIRE,0.253,0.57,72,0,1
124724,Joyner Lucas,I Don't Die,0.099,0.8759999999999999,71,0,1
124733,Shawn Mendes,Nervous,0.0404,0.623,77,0,1
124760,Imagine Dragons,Boomerang,0.139,0.5589999999999999,73,0,1
124771,Liam Payne,Familiar,0.0161,0.805,78,0,1
124772,Dua Lipa,Want To,0.0788,0.691,77,0,1
124783,Maluma,El Préstamo,0.205,0.74,77,0,1
124803,Vince Staples,Home,0.00563,0.716,74,0,1
124810,Karol G,Mi Cama - Remix,0.299,0.784,77,0,1
124817,OneRepublic,Start Again (feat. Logic),0.162,0.722,74,0,1
124820,Alec Benjamin,Water Fountain,0.3879999999999999,0.504,76,0,1
124825,Camila Cabello,She Loves Control,0.166,0.758,74,0,1
124835,Bazzi,Star,0.3,0.389,73,0,1
124838,YK Osiris,Valentine,0.1119999999999999,0.528,76,0,1
124840,Shawn Mendes,Like To Be You (feat. Julia Michaels),0.812,0.451,75,0,1
124853,Why Don't We,Talk,0.0588,0.7,71,0,1
124860,The Weeknd,Privilege,0.913,0.595,71,0,1
124883,MKTO,How Can I Forget,0.69,0.53,76,0,1
124884,RM,seoul (prod. HONNE),0.344,0.664,69,0,1
124888,Thutmose,Memories,0.0567,0.647,73,0,1
124892,Twenty One Pilots,Leave The City,0.726,0.379,69,0,1
124894,ZAYN,Fingers,0.346,0.434,72,0,1
124908,Danny Ocean,Epa Wei,0.233,0.82,79,0,1
124919,Ozuna,Balenciaga,0.0552,0.436,71,0,1
124940,Bebe Rexha,Meant to Be (feat. Florida Georgia Line),0.0476,0.772,73,0,1
124951,Wisin & Yandel,Dame Algo,0.176,0.723,72,0,1
124985,Camila Cabello,All These Years,0.609,0.436,74,0,1
124986,Lauv,Chasing Fire,0.0449,0.562,73,0,1
124987,ayokay,Stay With Me,0.489,0.695,75,0,1
125004,Alec Benjamin,Boy In The Bubble,0.2239999999999999,0.578,74,0,1
125023,Kali Uchis,"After The Storm (feat. Tyler, The Creator & Bootsy Collins)",0.301,0.659,71,0,1
125053,Charlotte Lawrence,Stole Your Car,0.0729,0.7120000000000001,75,0,1
125070,KREAM,Deep End - Eden Prince Remix,0.0154,0.848,72,0,1
125075,James TW,Say Love,0.118,0.449,77,0,1
125077,Wisin & Yandel,Reggaetón en lo Oscuro,0.0613,0.898,81,0,1
125086,Gryffin,Remember (with ZOHARA),0.0975,0.901,76,0,1
125089,Thalía,No Me Acuerdo,0.175,0.784,81,0,1
125093,Yung Gravy,Mr. Clean,0.685,0.701,76,0,1
125100,Zion & Lennox,Hola,0.069,0.789,76,0,1
125107,iKON,KILLING ME,0.465,0.672,72,0,1
125151,BTS,Singularity,0.5539999999999999,0.271,72,0,1
125155,Hailee Steinfeld,"Back to Life - from ""Bumblebee""",0.0127,0.659,75,0,1
125167,Janelle Monáe,Make Me Feel,0.132,0.413,71,0,1
125182,Years & Years,If You're Over Me,0.0615,0.853,77,0,1
125183,Cuco,Drown,0.455,0.615,68,0,1
125189,Lady Gaga,Heal Me,0.0481,0.544,71,0,1
125196,BTS,Airplane pt.2,0.0268,0.8170000000000001,71,0,1
125231,Nicki Minaj,Bed (feat. Ariana Grande),0.0348,0.73,76,0,1
125257,BTS,Love Maze,0.0487,0.8759999999999999,71,0,1
125304,Ella Mai,Shot Clock,0.654,0.512,79,0,1
125353,Alan Walker,Ignite,0.0208,0.8640000000000001,74,0,1
125377,Karol G,Pineapple,0.0431,0.667,72,0,1
125384,Calvin Harris,One Kiss (with Dua Lipa) - Oliver Heldens Remix,0.251,0.752,72,0,1
125402,CNCO,Hey DJ,0.0317,0.809,74,0,1
125404,Casting Crowns,Only Jesus,0.154,0.7120000000000001,66,0,1
125408,Cavetown,Lemon Boy,0.184,0.478,69,0,1
125435,Calibre 50,Mi Sorpresa Fuiste Tú,0.624,0.435,69,0,1
125463,Liam Payne,First Time,0.114,0.759,71,0,1
125466,Nacho,Déjalo,0.1989999999999999,0.795,82,0,1
125469,Jacquees,Inside feat. Trey Songz,0.0163,0.578,64,0,1
125488,Conan Gray,Lookalike,0.7659999999999999,0.302,70,0,1
125529,Mamamoo,Egotistic,0.315,0.833,73,0,1
125534,RÜFÜS DU SOL,Treat You Better,0.356,0.539,66,0,1
125560,EDEN,crash,0.872,0.212,67,0,1
125584,Piso 21,Te Amo,0.0204,0.7240000000000001,79,0,1
125601,Zak Abel,You Come First (feat. Saweetie),0.0352,0.7190000000000001,71,0,1
125649,Mario Bautista,Baby Girl (feat. Lalo Ebratt),0.0275,0.705,83,0,1
125674,R3HAB,Lullaby,0.0267,0.8,75,0,1
125705,Tayla Parx,Runaway (feat. Khalid),0.0688,0.527,67,0,1
125708,Mitch James,Bright Blue Skies,0.259,0.373,73,0,1
125709,Logic,Ballin,0.0475,0.8540000000000001,71,0,1
125721,Nipsey Hussle,Last Time That I Checc'd (feat. YG),0.0289,0.746,79,0,1
125743,BTS,Magic Shop,0.103,0.6609999999999999,69,0,1
125748,Brett Young,Chapters,0.179,0.613,62,0,1
125776,Jeremih,FYT (feat. French Montana),0.0406,0.452,66,0,1
125803,Martin Garrix,Dreamer,0.0507,0.639,71,0,1
125854,Lady Gaga,Music To My Eyes,0.392,0.356,73,0,1
125879,Jennifer Lopez,El Anillo,0.0248,0.691,71,0,1
125987,Jorja Smith,Goodbyes,0.866,0.184,68,0,1
126059,Jason Mraz,Let's See What The Night Can Do,0.27,0.423,66,0,1
126063,Mozart La Para,"Mujeres (Mozart La Para, Justin Quiles, Farruko, Jowell & Randy) - Remix",0.0391,0.757,73,0,1
126073,BTS,134340,0.153,0.688,67,0,1
126125,Grace VanderWaal,Clearly,0.125,0.6729999999999999,67,0,1
126192,HONNE,Day 1 ◑,0.21,0.581,68,0,1
126204,Robin Schulz,Speechless (feat. Erika Sirola),0.0161,0.728,88,0,1
126205,LANY,Let Me Know,0.264,0.391,66,0,1
126238,ROSALÍA,PIENSO EN TU MIRÁ - Cap.3: Celos,0.0909,0.6759999999999999,71,0,1
126253,Mr. Probz,Space for Two,0.466,0.6,72,0,1
126271,The Neighbourhood,Nervous,0.0213,0.614,68,0,1
126325,R3HAB,Freak - Joe Stone 2K18 Edit,0.222,0.855,72,0,1
126400,Florence + The Machine,Sky Full Of Song,0.731,0.32,67,0,1
126438,Dermot Kennedy,"Heartless - Recorded At RAK Studios, London",0.226,0.535,68,0,1
126478,Cartel De Santa,Pollo y Conejo,0.5589999999999999,0.71,72,0,1
126556,Conan Gray,Generation Why,0.347,0.684,70,0,1
126590,Adam Craig,Why Can't She,0.217,0.614,58,0,1
126677,David Bisbal,A Partir De Hoy,0.186,0.857,77,0,1
126880,James TW,Soldier,0.253,0.648,74,0,1
126921,Amy Helm,Christmas Must Be Tonight - Recorded at Spotify Studios NYC,0.19,0.514,26,0,1
126964,Sigala,Somebody,0.0938,0.8490000000000001,72,0,1
127004,Selena Gomez,Back To You - Joey Pecoraro Remix,0.365,0.6579999999999999,70,0,1
127038,Blood Orange,Hope,0.411,0.2269999999999999,62,0,1
127041,The Script,"Never Seen Anything ""Quite Like You"" - Acoustic",0.799,0.3979999999999999,70,0,1
127052,Jungle,Beat 54 (All Good Now),0.517,0.695,66,0,1
127502,Banx & Ranx,Answerphone (feat. Yxng Bane),0.0387,0.8340000000000001,72,0,1
127515,The Afters,Well Done,0.304,0.542,62,0,1
127527,Morat,Cuando Nadie Ve,0.118,0.7879999999999999,79,0,1
127617,ROSALÍA,QUE NO SALGA LA LUNA - Cap.2: Boda,0.763,0.655,67,0,1
127635,S. Carey,More I See,0.2239999999999999,0.46,62,0,1
127707,This Band,Kahit Ayaw Mo Na,0.341,0.529,80,0,1
127927,Devin Dawson,Asking For A Friend - Songs in the Key of F - Live,0.251,0.47,31,0,1
127985,Kolohe Kai,Heartstrings,0.716,0.621,46,0,1
128053,Brothers Osborne,"Weed, Whiskey And Willie",0.299,0.3389999999999999,55,0,1
128060,James Hype,No Drama (feat. Craig David),0.168,0.934,73,0,1
128220,LAY,Give Me A Chance,0.11,0.679,55,0,1
128265,Jacquees,4275 feat. Birdman,0.306,0.586,55,0,1
128336,Muse,The Void,0.431,0.551,58,0,1
128351,KREAM,Decisions (feat. Maia Wright),0.0534,0.785,75,0,1
128398,Khea,Como Le Digo,0.181,0.385,69,0,1
128571,Elina,Wild Enough,0.8909999999999999,0.2289999999999999,71,0,1
128978,Durand Jones & The Indications,Is It Any Wonder?,0.636,0.3779999999999999,56,0,1
129394,Dr. Dog,Buzzing in the Light,0.237,0.4429999999999999,58,0,1
129689,Joshua Hyslop,Long Way Down,0.8320000000000001,0.2319999999999999,66,0,1
129751,George Ogilvie,Surveillance,0.718,0.303,66,0,1
129787,Melendi,Destino o casualidad,0.524,0.525,72,0,1
130263,Don Diablo,"Survive (feat. Emeli Sandé, Gucci Mane)",0.7140000000000001,0.772,72,0,1
130415,Gaullin,Moonlight,0.0529,0.7609999999999999,86,0,1
130503,Paloma Mami,No Te Enamores,0.5870000000000001,0.735,84,0,1
